-- CREATION OF DEPARTMENTS
INSERT INTO department VALUES(5,  'CS',  '2nd floor',  6110134578093, 03245066189);
INSERT INTO department VALUES(10,  'MT',  '2nd floor',  6110134578093, 03245066189);
INSERT INTO department VALUES(15,  'EE',  '2nd floor',  6110134578093, 03245066189);
INSERT INTO department VALUES(20,  'MGT',  '2nd floor',  6110134578093, 03245066189);
--Semester
INSERT INTO semester VALUES('Spring', 2014,TO_DATE('11-Jul-2013', 'DD-MON-YYYY'), TO_DATE('11-Jul-2014', 'DD-MON-YYYY'));



-- Student Enrolment
		
INSERT INTO student VALUES(20120394,  'Ashhad',  'Sheikh',  'Arif Mehmood',  'M',  'B-',TO_DATE('11-Jul-1994', 'DD-MON-YYYY'),  6110134578093, 'ashhadsheikh@hotmail.com', 03245066189,5);
		
		INSERT INTO pass VALUES ('20120394',  '123',  'std');

INSERT INTO student VALUES
        (20120260,  'Nada',  'Aziz',  'Aziz Nawaz',  'F',  'A+',
        TO_DATE('11-Jul-1994', 'DD-MON-YYYY'),  6110134578093, 'nada.capricorn@gmail.com', 03325674392,5);
		
		INSERT INTO pass VALUES ('20120260',  '123',  'std');

INSERT INTO student VALUES
        (20120337,  'Talha',  'Riaz',  'Riaz Ahmed',  'M',  'A+',
        TO_DATE('11-Jul-1994', 'DD-MON-YYYY'),  6110134578093, 'talha.riaz@hotmail.com', 03245030389,5);
		
		INSERT INTO pass VALUES ('20120337',  '123',  'std');

INSERT INTO student VALUES
        (20120269,  'Rameesha',  'Ali',  'Masood Rai',  'F',  'B-',
        TO_DATE('11-Jul-1994', 'DD-MON-YYYY'),  6110134578093, 'Rameesha.ali@hotmail.com', 03345066100,5);
		
		INSERT INTO pass VALUES ('20120269',  '123',  'std');

INSERT INTO student VALUES
        (20120102,  'Bakhtawar',  'Niaz',  'Niaz Ahmed',  'F',  'B+',
        TO_DATE('11-Jul-1994', 'DD-MON-YYYY'),  6110134578093, 'bakhtawar.niaz@gmail.com', 03325000122,5);
		
		INSERT INTO pass VALUES ('20120102',  '123',  'std');

INSERT INTO student VALUES
        (20120050,  'Sadia',  'Naaz',  'Nasir Mehmood',  'F',  'A-',
        TO_DATE('11-Jul-1994', 'DD-MON-YYYY'),  6110134578093, 'sadia.naaz@hotmail.com', 03325021001,5);
		
		INSERT INTO pass VALUES ('20120050',  '123',  'std');

INSERT INTO student VALUES
        (20120229,  'Tehreem',  'Arif',  'Arif Masood',  'F',  'AB+',
        TO_DATE('11-Jul-1994', 'DD-MON-YYYY'),  6110134578093, 'tehreem.arif@hotmail.com', 03242256009,5);
		
		INSERT INTO pass VALUES ('20120229',  '123',  'std');

INSERT INTO student VALUES
        (20120045,  'Hamza',  'Ahmed',  'Ahmed shehzad',  'M',  'A+',
        TO_DATE('11-Jul-1994', 'DD-MON-YYYY'),  6110134578093, 'hamza.ahmed@hotmail.com', 03322154102,5);
		
		INSERT INTO pass VALUES ('20120045',  '123',  'std');








INSERT INTO student VALUES
        (20120217,  'Salman',  'Ahmed',  'Ahmed Farhan',  'M',  'B-',
        TO_DATE('11-Jul-1994', 'DD-MON-YYYY'),  6110134578093, 'salman.ahmed@gmail.com', 03315087103,10);
		
		INSERT INTO pass VALUES ('20120217',  '123',  'std');

INSERT INTO student VALUES
        (20120070,  'Sara',  'Aziz',  'Aziz Nawaz',  'F',  'A+',
        TO_DATE('11-Jul-1994', 'DD-MON-YYYY'),  6110134578093, 'sara.aziz@hotmail.com', 03245167156,10);
		
		INSERT INTO pass VALUES ('20120070',  '123',  'std');

INSERT INTO student VALUES
        (20120020,  'Zainab',  'Qureshi',  'Aziz Nawaz',  'F',  'A+',
        TO_DATE('11-Jul-1994', 'DD-MON-YYYY'),  6110134578093, 'zainab.qureshi@hotmail.com', 03245091222,10);
		
		INSERT INTO pass VALUES ('20120020',  '123',  'std');

INSERT INTO student VALUES
        (20120071,  'Huda',  'Nawaz',  'Nawaz Riaz',  'F',  'A+',
        TO_DATE('11-Jul-1994', 'DD-MON-YYYY'),  6110134578093, 'huda.nawaz@hotmail.com', 03245145044,10);
		
		INSERT INTO pass VALUES ('20120071',  '123',  'std');

INSERT INTO student VALUES
        (20120003,  'Nimra',  'Ajaz',  'Ajaz Naseer',  'F',  'A-',
        TO_DATE('11-Jul-1994', 'DD-MON-YYYY'),  6110134578093, 'nimra.ajaz@hotmail.com', 03245122481,10);
		
		INSERT INTO pass VALUES ('20120003',  '123',  'std');

INSERT INTO student VALUES
        (20120160,  'Ali',  'Ahsen',  'Ahsen Mir',  'M',  'A-',
        TO_DATE('11-Jul-1994', 'DD-MON-YYYY'),  6110134578093, 'ali.ahsen@hotmail.com', 03245147022,10);
		
		INSERT INTO pass VALUES ('20120160',  '123',  'std');

INSERT INTO student VALUES
        (20120044,  'Shanza',  'Inayat',  'Inayat Chaudary',  'F',  'O+',
        TO_DATE('11-Jul-1994', 'DD-MON-YYYY'),  6110134578093, 'shanza.inayat@gmail.com', 03240045120,10);
		
		INSERT INTO pass VALUES ('20120044',  '123',  'std');

INSERT INTO student VALUES
        (20120089,  'Arjun',  'Krishna',  'Gul Raam',  'M',  'AB+',
        TO_DATE('11-Jul-1994', 'DD-MON-YYYY'),  6110134578093, 'arjun.krishna@ymail.com', 03245167666,10);
		
		INSERT INTO pass VALUES ('20120089',  '123',  'std');









INSERT INTO student VALUES
        (20120015,  'Huria',  'Shams',  'Raja Mehmood',  'F',  'A-',
        TO_DATE('11-Jul-1994', 'DD-MON-YYYY'),  6110134578093, 'huria.shams@hotmail.com', 03245100224,15);
		
		INSERT INTO pass VALUES ('20120015',  '123',  'std');

INSERT INTO student VALUES
        (20120023,  'Hamna',  'Niaz',  'Niaz Shehroz',  'F',  'O+',
        TO_DATE('11-Jul-1994', 'DD-MON-YYYY'),  6110134578093, 'hamna.niaz@gmail.com', 03245100811,15);
		
		INSERT INTO pass VALUES ('20120023',  '123',  'std');

INSERT INTO student VALUES
        (20120055,  'Rohail',  'Shehroz',  'Shehroz Aftab',  'M',  'A-',
        TO_DATE('11-Jul-1994', 'DD-MON-YYYY'),  6110134578093, 'rohail.shehroz@gmail.com', 03245167100,15);
		
		INSERT INTO pass VALUES ('20120055',  '123',  'std');

INSERT INTO student VALUES
        (20120111,  'Mahnoor',  'Obaid',  'Obaid Ali',  'F',  'A-',
        TO_DATE('11-Jul-1994', 'DD-MON-YYYY'),  6110134578093, 'mahnoor.obaid@gmail.com', 03245161134,15);
		
		INSERT INTO pass VALUES ('20120111',  '123',  'std');

INSERT INTO student VALUES
        (20120124,  'Musab',  'Omair',  'Omair Aftab',  'M',  'A-',
        TO_DATE('11-Jul-1994', 'DD-MON-YYYY'),  6110134578093, 'musab.omair@hotmail.com', 03245167100,15);
		
		INSERT INTO pass VALUES ('20120124',  '123',  'std');

INSERT INTO student VALUES
        (20120300,  'Fazal',  'Ata Tang',  'Uzair ata Tang',  'M',  'A-',
        TO_DATE('11-Jul-1994', 'DD-MON-YYYY'),  6110134578093, 'fazalatatang@hotmail.com', 03245167101,15);
		
		INSERT INTO pass VALUES ('20120300',  '123',  'std');


INSERT INTO student VALUES
        (20120301,  'Umair',  'Ismail',  'Rao Ismail',  'M',  'A-',
        TO_DATE('11-Jul-1994', 'DD-MON-YYYY'),  6110134578093, 'raoumairismail@hotmail.com', 03245167102,15);
		
		INSERT INTO pass VALUES ('20120301',  '123',  'std');



INSERT INTO student VALUES
        (20120302,  'Ahmad',  'Asad',  'MUhammad Asad',  'M',  'A-',
        TO_DATE('11-Jul-1994', 'DD-MON-YYYY'),  6110134578093, 'ahmadasad@hotmail.com', 03245167103,15);
		
		INSERT INTO pass VALUES ('20120302',  '123',  'std');








INSERT INTO student VALUES
        (20120345,  'Ali',  'Ahmed',  'Ahmed Mehmood',  'M',  'A+',
        TO_DATE('11-Jul-1994', 'DD-MON-YYYY'),  6110134578093, 'ali.ahmed@hotmail.com', 03245122874,20);
		
		INSERT INTO pass VALUES ('20120345',  '123',  'std');

INSERT INTO student VALUES
        (20120346,  'Arif',  'Niaz',  'Niaz Ali',  'M',  'O+',
        TO_DATE('11-Jul-1994', 'DD-MON-YYYY'),  6110134578093, 'arif.niaz@gmail.com', 03245104400,20);
		
		INSERT INTO pass VALUES ('20120346',  '123',  'std');

INSERT INTO student VALUES
        (20120347,  'Amir',  'Saleem',  'Saleem Ali',  'M',  'A-',
        TO_DATE('11-Jul-1994', 'DD-MON-YYYY'),  6110134578093, 'amir.saleem@ymail.com', 03242347112,20);
		
		INSERT INTO pass VALUES ('20120347',  '123',  'std');

INSERT INTO student VALUES
        (20120348,  'Maheen',  'Ali',  'Obaid Ali',  'F',  'A-',
        TO_DATE('11-Jul-1994', 'DD-MON-YYYY'),  6110134578093, 'maheen.ali@hotmail.com', 03245161054,20);
		
		INSERT INTO pass VALUES ('20120348',  '123',  'std');

INSERT INTO student VALUES
        (20120349,  'Saud',  'Riaz',  'Riaz Ahmed',  'M',  'AB+',
        TO_DATE('11-Jul-1994', 'DD-MON-YYYY'),  6110134578093, 'musab.omair@hotmail.com', 03245167100,20);
		
		INSERT INTO pass VALUES ('20120349',  '123',  'std');

INSERT INTO student VALUES
        (20120350,  'Umer',  'Jaan',  'Jaan Muhammad',  'M',  'A-',
        TO_DATE('11-Jul-1994', 'DD-MON-YYYY'),  6110134578093, 'umer.jaan@gmail.com', 03245124301,20);
		
		INSERT INTO pass VALUES ('20120350',  '123',  'std');


INSERT INTO student VALUES
        (20120351,  'Omair',  'Khan',  'Nasir Khan',  'M',  'O+',
        TO_DATE('11-Jul-1994', 'DD-MON-YYYY'),  6110134578093, 'omair.khan@hotmail.com', 03245163465,20);
		
		INSERT INTO pass VALUES ('20120351',  '123',  'std');


INSERT INTO student VALUES
        (20120352,  'Fakhir',  'Munir',  'MUhammad Munir',  'M',  'A+',
        TO_DATE('11-Jul-1994', 'DD-MON-YYYY'),  6110134578093, 'fakhir.munir@gmail.com', 03241127122,20);
		
		INSERT INTO pass VALUES ('20120352',  '123',  'std');


-- Instructor Enrolment

INSERT INTO instructor VALUES
        ('ehtesham.zahoor','Ehtesham',  'Zahoor',  'M',  'B-',
            TO_DATE('11-Jul-1994', 'DD-MON-YYYY'),  6110232633093, 'ehtesham.zahoor@nu.edu.com', 03354535189,306,5);
       INSERT INTO pass VALUES('ehtesham.zahoor',  '123',  'instr');


INSERT INTO instructor VALUES
        ('shahzad.rajpoot','Shahzad',  'Rajpoot',  'M',  'B-',
            TO_DATE('11-Jul-1994', 'DD-MON-YYYY'),  6110232632333, 'shahzad.rajpoot@nu.edu.com', 03354535189,204,5);
       INSERT INTO pass VALUES('shahzad.rajpoot',  '123',  'instr');

INSERT INTO instructor VALUES
        ('qurat.ulain','Qurat',  'ul Ain',  'F',  'B-',
            TO_DATE('11-Jul-1994', 'DD-MON-YYYY'),  6110232633093, 'qurat.ulain@nu.edu.com', 03354535189,104,5);
       INSERT INTO pass VALUES('qurat.ulain',  '123',  'instr');	


INSERT INTO instructor VALUES
        ('umer.manzoor','Umer',  'Manzoor',  'M',  'O+',
            TO_DATE('11-Jul-1994', 'DD-MON-YYYY'),  6110232632333, 'umer.manzoor@nu.edu.com', 03354535166,102,5);
       INSERT INTO pass VALUES('umer.manzoor',  '123',  'instr');

INSERT INTO instructor VALUES
        ('omer.baig','Omer',  'Baig',  'M',  'B-',
            TO_DATE('11-Jul-1994', 'DD-MON-YYYY'),  6110232633093, 'omer.baig@nu.edu.com', 03354535098,101,5);
       INSERT INTO pass VALUES('omer.baig',  '123',  'instr');
	   INSERT INTO instructor VALUES
        ('komal.masood','Komal',  'Masood',  'F',  'B-',
            TO_DATE('11-Jul-1990', 'DD-MON-YYYY'),  6110232633093, 'komal.masood@nu.edu.com', 03354535098,306,5);
       INSERT INTO pass VALUES('komal.masood',  '123',  'instr');


commit;






INSERT INTO instructor VALUES
        ('mohammad.yunis','Mohammad',  'Yunis',  'M',  'B+',
            TO_DATE('11-Jul-1994', 'DD-MON-YYYY'),  6110232633093, 'mohammad.yunis@nu.edu.com', 03354505189,316,10);
       INSERT INTO pass VALUES('mohammad.yunis',  '123',  'instr');


INSERT INTO instructor VALUES
        ('farhan.mazhar','Farhan',  'Mazhar',  'M',  'B-',
            TO_DATE('11-Jul-1994', 'DD-MON-YYYY'),  6110232632333, 'farhan.mazhar@nu.edu.com', 03354535111,214,10);
       INSERT INTO pass VALUES('farhan.mazhar',  '123',  'instr');

INSERT INTO instructor VALUES
        ('nasreen.humayun','Nasreen',  'Humayun',  'F',  'B-',
            TO_DATE('11-Jul-1994', 'DD-MON-YYYY'),  6110232633093, 'nasreen.humayun@nu.edu.com', 03354577021,114,10);
       INSERT INTO pass VALUES('nasreen.humayun',  '123',  'instr');	


INSERT INTO instructor VALUES
        ('shahid.farooq','Shahid',  'farooq',  'M',  'O+',
            TO_DATE('11-Jul-1994', 'DD-MON-YYYY'),  6110232632333, 'shahid.farooq@nu.edu.com', 03354535188,112,10);
       INSERT INTO pass VALUES('shahid.farooq',  '123',  'instr');

INSERT INTO instructor VALUES
        ('zeeshan.haider','Zeeshan',  'Haider',  'M',  'B-',
            TO_DATE('11-Jul-1994', 'DD-MON-YYYY'),  6110232633093, 'zeeshan.haider@nu.edu.com', 03354534850,111,10);
       INSERT INTO pass VALUES('zeeshan.haider',  '123',  'instr');









INSERT INTO instructor VALUES
        ('Imtiyaz.hassan','Imtiyaz',  'Hassan',  'M',  'A+',
            TO_DATE('11-Jul-1994', 'DD-MON-YYYY'),  6110232633093, 'Imtiyaz.hassan@nu.edu.com', 03354500125,116,15);
       INSERT INTO pass VALUES('Imtiyaz.hassan',  '123',  'instr');


INSERT INTO instructor VALUES
        ('ali.virk','Ali',  'Virk',  'M',  'B-',
            TO_DATE('11-Jul-1994', 'DD-MON-YYYY'),  6110232632333, 'ali.virk@nu.edu.com', 03354530221,314,15);
       INSERT INTO pass VALUES('ali.virk',  '123',  'instr');

INSERT INTO instructor VALUES
        ('nabeel.farooqi','Nabeel',  'Farooqi',  'M',  'A-',
            TO_DATE('11-Jul-1994', 'DD-MON-YYYY'),  6110232633093, 'nabeel.farooqi@nu.edu.com', 03025577021,014,15);
       INSERT INTO pass VALUES('nabeel.farooqi',  '123',  'instr');	


INSERT INTO instructor VALUES
        ('sana.kamran','Sana',  'Kamran',  'F',  'O+',
            TO_DATE('11-Jul-1994', 'DD-MON-YYYY'),  6110232632333, 'sana.kamran@nu.edu.com', 03014535188,012,15);
       INSERT INTO pass VALUES('sana.kamran',  '123',  'instr');

INSERT INTO instructor VALUES
        ('hammad.hassan','Hammad',  'Hassan',  'M',  'B-',
            TO_DATE('11-Jul-1994', 'DD-MON-YYYY'),  6110232633093, 'hammad.hassan@nu.edu.com', 03454534823,011,15);
       INSERT INTO pass VALUES('hammad.hassan',  '123',  'instr');









INSERT INTO instructor VALUES
        ('silvia.khatak','Ehtesham',  'Zahoor',  'F',  'A-',
            TO_DATE('11-Jul-1994', 'DD-MON-YYYY'),  6110232633093, 'silvia.khatak@nu.edu.com', 03325105112,301,10);
       INSERT INTO pass VALUES('silvia.khatak',  '123',  'instr');


INSERT INTO instructor VALUES
        ('raja.shujat','Raja',  'Shujat',  'M',  'B-',
            TO_DATE('11-Jul-1994', 'DD-MON-YYYY'),  6110232632333, 'raja.shujat@nu.edu.com', 03354535189,1011,10);
       INSERT INTO pass VALUES('raja.shujat',  '123',  'instr');

INSERT INTO instructor VALUES
        ('ayesha.umer','Ayesha',  'Umer',  'F',  'B-',
            TO_DATE('11-Jul-1994', 'DD-MON-YYYY'),  6110232633093, 'ayesha.umer@nu.edu.com', 03354005187,206,10);
       INSERT INTO pass VALUES('ayesha.umer',  '123',  'instr');	


INSERT INTO instructor VALUES
        ('anjum.masood','Anjum',  'Mansood',  'M',  'O+',
            TO_DATE('11-Jul-1994', 'DD-MON-YYYY'),  6110232632333, 'anjum.masood@nu.edu.com', 03354785166,302,10);
       INSERT INTO pass VALUES('anjum.masood',  '123',  'instr');

INSERT INTO instructor VALUES
        ('mohammad.ali','Mohammad',  'Ali',  'M',  'AB+',
            TO_DATE('11-Jul-1994', 'DD-MON-YYYY'),  6110232632333, 'mohammad.ali@nu.edu.com', 03354785166,322,10);
       INSERT INTO pass VALUES('mohammad.ali',  '123',  'instr');




			
				commit;--Courses

INSERT INTO course VALUES(101,'Introduction to Computer Lab', 1.0,'A','Spring',2014,5,NULL);
INSERT INTO course VALUES(101,'Introduction to Computer Lab', 1.0,'B','Spring',2014,5,NULL);
INSERT INTO course VALUES(101,'Introduction to Computer Lab', 1.0,'C','Spring',2014,5,NULL);

INSERT INTO course VALUES(1011,'Introduction to Computing', 3,'A','Spring',2014,5,NULL);
INSERT INTO course VALUES(1011,'Introduction to Computing', 3,'B','Spring',2014,5,NULL);
INSERT INTO course VALUES(1011,'Introduction to Computing', 3,'C','Spring',2014,5,NULL);

INSERT INTO course VALUES(10111,'Calculus - I', 3,'A','Spring',2014,10,NULL);
INSERT INTO course VALUES(10111,'Calculus - I', 3,'B','Spring',2014,10,NULL);
INSERT INTO course VALUES(10111,'Calculus - I', 3,'C','Spring',2014,10,NULL);

INSERT INTO course VALUES(104,'Linear Algebra', 3,'A','Spring',2014,10,NULL);
INSERT INTO course VALUES(104,'Linear Algebra', 3,'B','Spring',2014,10,NULL);
INSERT INTO course VALUES(104,'Linear Algebra', 3,'C','Spring',2014,10,NULL);

INSERT INTO course VALUES(101111,'Physics', 3,'A','Spring',2014,15,NULL);
INSERT INTO course VALUES(101111,'Physics', 3,'B','Spring',2014,15,NULL);
INSERT INTO course VALUES(101111,'Physics', 3,'C','Spring',2014,15,NULL);

INSERT INTO course VALUES(102,'English', 4,'A','Spring',2014,10,NULL);
INSERT INTO course VALUES(102,'English', 4,'B','Spring',2014,10,NULL);
INSERT INTO course VALUES(102,'English', 4,'C','Spring',2014,10,NULL);



INSERT INTO course VALUES(103,'Computer Programming Lab', 1,'A','Spring',2014,5,1011);
INSERT INTO course VALUES(103,'Computer Programming Lab', 1,'B','Spring',2014,5,1011);
INSERT INTO course VALUES(103,'Computer Programming Lab', 1,'C','Spring',2014,5,1011);

INSERT INTO course VALUES(1033,'Computer Programming', 3,'A','Spring',2014,5,1011);
INSERT INTO course VALUES(1033,'Computer Programming', 3,'B','Spring',2014,5,1011);
INSERT INTO course VALUES(1033,'Computer Programming', 3,'C','Spring',2014,5,1011);

INSERT INTO course VALUES(109,'Digital Logic Design', 4,'A','Spring',2014,15,NULL);
INSERT INTO course VALUES(109,'Digital Logic Design', 4,'B','Spring',2014,15,NULL);
INSERT INTO course VALUES(109,'Digital Logic Design', 4,'C','Spring',2014,15,NULL);

INSERT INTO course VALUES(115,'Calculus - II', 3,'A','Spring',2014,10,10111);
INSERT INTO course VALUES(115,'Calculus - II', 3,'B','Spring',2014,10,10111);
INSERT INTO course VALUES(115,'Calculus - II', 3,'C','Spring',2014,10,10111);

INSERT INTO course VALUES(122,'English Composition', 3,'A','Spring',2014,10,102);
INSERT INTO course VALUES(122,'English Composition', 3,'B','Spring',2014,10,102);
INSERT INTO course VALUES(122,'English Composition', 3,'C','Spring',2014,10,102);

INSERT INTO course VALUES(138,'History of Pakistan', 3,'A','Spring',2014,10,NULL);
INSERT INTO course VALUES(138,'History of Pakistan', 3,'B','Spring',2014,10,NULL);
INSERT INTO course VALUES(138,'History of Pakistan', 3,'C','Spring',2014,10,NULL);



INSERT INTO course VALUES(201,'Data Structures', 3,'A','Spring',2014,5,1033);
INSERT INTO course VALUES(201,'Data Structures', 3,'B','Spring',2014,5,1033);
INSERT INTO course VALUES(201,'Data Structures', 3,'C','Spring',2014,5,1033);

INSERT INTO course VALUES(211,'Discrete Structures', 3,'A','Spring',2014,5,NULL);
INSERT INTO course VALUES(211,'Discrete Structures', 3,'B','Spring',2014,5,NULL);
INSERT INTO course VALUES(211,'Discrete Structures', 3,'C','Spring',2014,5,NULL);

INSERT INTO course VALUES(213,'Comp.Organization and Assembly Lang', 3,'A','Spring',2014,15,109);
INSERT INTO course VALUES(213,'Comp.Organization and Assembly Lang', 3,'B','Spring',2014,15,109);
INSERT INTO course VALUES(213,'Comp.Organization and Assembly Lang', 3,'C','Spring',2014,15,109);

INSERT INTO course VALUES(2133,'Comp.Organization and Assembly Lang Lab', 1,'A','Spring',2014,15,NULL);
INSERT INTO course VALUES(2133,'Comp.Organization and Assembly Lang Lab', 1,'B','Spring',2014,15,NULL);
INSERT INTO course VALUES(2133,'Comp.Organization and Assembly Lang Lab', 1,'C','Spring',2014,15,NULL);

INSERT INTO course VALUES(111,'Islamic Studies', 3,'A','Spring',2014,10,NULL);
INSERT INTO course VALUES(111,'Islamic Studies', 3,'B','Spring',2014,10,NULL);
INSERT INTO course VALUES(111,'Islamic Studies', 3,'C','Spring',2014,10,NULL);

INSERT INTO course VALUES(01,'Business Elective', 3,'A','Spring',2014,20,NULL);
INSERT INTO course VALUES(01,'Business Elective', 3,'B','Spring',2014,20,NULL);
INSERT INTO course VALUES(01,'Business Elective', 3,'C','Spring',2014,20,NULL);

INSERT INTO course VALUES(203,'Database Systems lab', 1,'A','Spring',2014,5,201);
INSERT INTO course VALUES(203,'Database Systems lab', 1,'B','Spring',2014,5,201);
INSERT INTO course VALUES(203,'Database Systems lab', 1,'C','Spring',2014,5,201);

INSERT INTO course VALUES(2033,'Database Systems', 3,'A','Spring',2014,5,201);
INSERT INTO course VALUES(2033,'Database Systems', 3,'B','Spring',2014,5,201);
INSERT INTO course VALUES(2033,'Database Systems', 3,'C','Spring',2014,5,201);

INSERT INTO course VALUES(204,'Operating Systems', 3,'A','Spring',2014,5,201);
INSERT INTO course VALUES(204,'Operating Systems', 3,'B','Spring',2014,5,201);
INSERT INTO course VALUES(204,'Operating Systems', 3,'C','Spring',2014,5,201);

INSERT INTO course VALUES(2055,'Operating Systems Lab', 1,'A','Spring',2014,5,201);
INSERT INTO course VALUES(2055,'Operating Systems Lab', 1,'B','Spring',2014,5,201);
INSERT INTO course VALUES(2055,'Operating Systems Lab', 1,'C','Spring',2014,5,201);

INSERT INTO course VALUES(302,'Design and analysis of algorithms', 3,'A','Spring',2014,5,201);
INSERT INTO course VALUES(302,'Design and analysis of algorithms', 3,'B','Spring',2014,5,201);
INSERT INTO course VALUES(302,'Design and analysis of algorithms', 3,'C','Spring',2014,5,201);

INSERT INTO course VALUES(02,'Business Elective - II', 3,'A','Spring',2014,20,NULL);
INSERT INTO course VALUES(02,'Business Elective - II', 3,'B','Spring',2014,20,NULL);
INSERT INTO course VALUES(02,'Business Elective - II', 3,'C','Spring',2014,20,NULL);

INSERT INTO course VALUES(702,'Math Elective ', 3,'A','Spring',2014,10,NULL);
INSERT INTO course VALUES(702,'Math Elective ', 3,'B','Spring',2014,10,NULL);
INSERT INTO course VALUES(702,'Math Elective ', 3,'C','Spring',2014,10,NULL);


		commit;




